index,date,emotion,cluster,Magnitude,Depth,Latitude,Longitude,magnitude_norm,depth_norm,x,y,z,scale,fragmentation,rotation_chaos,material_index
1,1965-04-27,chaos,3,6.1,60.0,35.626,23.425,0.1666667,0.0871488,0.565069,0.6910875,-0.0871488,1.6666667,0.6,0.24,3.0
2,1965-06-11,chaos,0,5.6,35.0,44.112,149.539,0.0277778,0.0514905,0.9153905,0.7431217,-0.0514905,1.1111111,0.6,0.24,0.0
3,1965-07-29,chaos,3,5.7,15.0,50.799,-171.607,0.0555556,0.0229639,0.0233059,0.7841248,-0.0229639,1.2222222,0.6,0.24,3.0
4,1965-08-11,chaos,1,7.6,30.0,-15.861,167.092,0.5833333,0.0443589,0.9641495,0.3753809,-0.0443589,3.3333333,0.6,0.24,1.0
5,1965-09-01,chaos,3,5.8,100.0,-34.596,179.922,0.0833333,0.144202,0.9997889,0.2605022,-0.144202,1.3333333,0.6,0.24,3.0
6,1965-09-16,chaos,1,6.0,160.0,7.156,126.522,0.1388889,0.2297818,0.8514535,0.5165159,-0.2297818,1.5555556,0.6,0.24,1.0
7,1965-10-07,chaos,0,5.9,20.0,12.347,114.485,0.1111111,0.0300956,0.8180169,0.548346,-0.0300956,1.4444444,0.6,0.24,0.0
8,1966-06-27,chaos,3,5.6,115.0,-38.36,177.139,0.0277778,0.1655969,0.9920582,0.2374222,-0.1655969,1.1111111,0.6,0.24,3.0
9,1966-08-17,chaos,0,5.6,41.9,52.156,175.053,0.0277778,0.0613322,0.9862637,0.7924457,-0.0613322,1.1111111,0.6,0.24,0.0
10,1966-08-28,chaos,3,5.7,170.0,-36.094,178.575,0.0555556,0.2440451,0.9960472,0.2513168,-0.2440451,1.2222222,0.6,0.24,3.0
11,1967-03-19,chaos,1,6.2,97.7,-6.727,129.744,0.1944444,0.1409214,0.8604036,0.4313885,-0.1409214,1.7777778,0.6,0.24,1.0
12,1967-06-23,chaos,1,5.8,90.0,-5.859,130.325,0.0833333,0.1299387,0.8620175,0.4367109,-0.1299387,1.3333333,0.6,0.24,1.0
13,1968-07-05,chaos,0,6.3,47.0,38.478,142.153,0.2222222,0.0686065,0.8948735,0.7085753,-0.0686065,1.8888889,0.6,0.24,0.0
14,1968-09-14,chaos,1,6.2,25.0,28.375,53.207,0.1944444,0.0372272,0.6477979,0.646626,-0.0372272,1.7777778,0.6,0.24,1.0
15,1968-12-14,chaos,0,5.9,25.0,51.467,175.638,0.1111111,0.0372272,0.9878887,0.7882209,-0.0372272,1.4444444,0.6,0.24,0.0
16,1969-11-20,chaos,3,5.7,15.0,56.404,-153.565,0.0555556,0.0229639,0.0734232,0.8184934,-0.0229639,1.2222222,0.6,0.24,3.0
17,1970-02-07,chaos,0,6.0,15.0,47.184,154.092,0.1388889,0.0229639,0.9280379,0.7619585,-0.0229639,1.5555556,0.6,0.24,0.0
18,1970-05-27,chaos,1,5.9,10.0,40.256,143.043,0.1111111,0.0158323,0.8973458,0.7194776,-0.0158323,1.4444444,0.6,0.24,1.0
19,1970-05-29,chaos,3,6.0,10.0,-14.978,-173.427,0.1388889,0.0158323,0.0182503,0.3807953,-0.0158323,1.5555556,0.6,0.24,3.0
20,1971-05-21,fear,0,5.6,27.5,52.368,-173.088,0.0277778,0.040793,0.0191919,0.7937456,-0.040793,1.1111111,0.7,0.28,0.0
21,1972-01-22,fear,3,5.8,72.8,13.973,-91.128,0.0833333,0.1054058,0.2468618,0.5583162,-0.1054058,1.3333333,0.7,0.28,3.0
22,1972-06-06,chaos,0,5.5,47.5,51.341,-178.26,0.0,0.0693196,0.0048251,0.7874483,-0.0693196,1.0,0.6,0.24,0.0
23,1972-08-20,chaos,0,5.6,15.0,38.721,140.039,0.0277778,0.0229639,0.8890012,0.7100653,-0.0229639,1.1111111,0.6,0.24,0.0
24,1972-10-14,chaos,3,5.9,35.0,-33.01,-178.412,0.1111111,0.0514905,0.0044028,0.2702272,-0.0514905,1.4444444,0.6,0.24,3.0
25,1972-12-18,chaos,1,5.9,31.5,-1.812,99.678,0.1111111,0.0464984,0.7768858,0.4615262,-0.0464984,1.4444444,0.6,0.24,1.0
26,1973-03-14,fear,1,5.8,64.0,-5.315,152.154,0.0833333,0.0928541,0.9226545,0.4400466,-0.0928541,1.3333333,0.7,0.28,1.0
27,1973-06-17,chaos,0,5.6,32.0,42.683,146.337,0.0277778,0.0472115,0.9064959,0.7343594,-0.0472115,1.1111111,0.6,0.24,0.0
28,1974-01-15,chaos,3,5.6,114.0,-30.924,-178.928,0.0277778,0.1641706,0.0029695,0.2830181,-0.1641706,1.1111111,0.6,0.24,3.0
29,1974-02-03,chaos,3,5.9,30.0,18.909,120.07,0.1111111,0.0443589,0.833531,0.5885826,-0.0443589,1.4444444,0.6,0.24,3.0
30,1974-10-20,chaos,0,5.7,43.0,-6.595,154.785,0.0555556,0.0629012,0.9299629,0.4321979,-0.0629012,1.2222222,0.6,0.24,0.0
31,1974-11-02,chaos,1,6.7,0.0,70.817,54.063,0.3333333,0.001569,0.6501757,0.9068707,-0.001569,2.3333333,0.6,0.24,1.0
32,1974-11-12,chaos,3,5.8,54.0,2.316,121.129,0.0833333,0.0785908,0.8364727,0.4868382,-0.0785908,1.3333333,0.6,0.24,3.0
33,1974-11-19,chaos,0,5.7,44.0,18.973,121.311,0.0555556,0.0643275,0.8369783,0.5889751,-0.0643275,1.2222222,0.6,0.24,0.0
34,1975-04-02,chaos,3,5.6,33.0,-23.022,-175.112,0.0277778,0.0486379,0.0135696,0.3314713,-0.0486379,1.1111111,0.6,0.24,3.0
35,1975-07-08,chaos,1,6.5,33.0,29.459,-113.346,0.2777778,0.0486379,0.1851442,0.6532728,-0.0486379,2.1111111,0.6,0.24,1.0
36,1975-10-02,chaos,1,5.8,75.0,43.199,145.886,0.0833333,0.1085437,0.9052431,0.7375234,-0.1085437,1.3333333,0.6,0.24,1.0
37,1976-03-28,chaos,1,5.5,179.0,-5.001,105.052,0.0,0.256882,0.7918138,0.441972,-0.256882,1.0,0.6,0.24,1.0
38,1976-05-19,chaos,3,5.8,72.0,-31.117,-177.791,0.0833333,0.1042647,0.0061279,0.2818346,-0.1042647,1.3333333,0.6,0.24,3.0
39,1976-05-22,chaos,3,5.8,31.0,-31.117,-177.839,0.0833333,0.0457852,0.0059945,0.2818346,-0.0457852,1.3333333,0.6,0.24,3.0
40,1976-05-24,chaos,0,5.7,33.0,11.507,-86.845,0.0555556,0.0486379,0.2587591,0.5431953,-0.0486379,1.2222222,0.6,0.24,0.0
41,1976-06-08,chaos,3,5.6,13.0,-16.299,167.26,0.0277778,0.0201113,0.9646162,0.3726952,-0.0201113,1.1111111,0.6,0.24,3.0
42,1976-08-29,chaos,3,5.6,33.0,-29.756,-111.752,0.0277778,0.0486379,0.1895721,0.29018,-0.0486379,1.1111111,0.6,0.24,3.0
43,1976-09-25,chaos,3,5.5,33.0,-26.578,-114.999,0.0,0.0486379,0.1805525,0.3096667,-0.0486379,1.0,0.6,0.24,3.0
44,1977-03-24,chaos,3,5.5,35.0,-6.761,129.993,0.0,0.0514905,0.8610953,0.4311801,-0.0514905,1.0,0.6,0.24,3.0
45,1977-04-20,chaos,1,7.5,33.0,-9.844,160.822,0.5555556,0.0486379,0.9467326,0.4122758,-0.0486379,3.2222222,0.6,0.24,1.0
46,1977-05-28,chaos,0,5.9,54.0,-1.732,120.52,0.1111111,0.0785908,0.834781,0.4620167,-0.0785908,1.4444444,0.6,0.24,0.0
47,1977-08-29,chaos,0,6.2,12.0,17.441,119.869,0.1944444,0.0186849,0.8329727,0.5795812,-0.0186849,1.7777778,0.6,0.24,0.0
48,1977-10-12,chaos,0,5.6,33.0,-11.165,119.379,0.0277778,0.0486379,0.8316116,0.4041757,-0.0486379,1.1111111,0.6,0.24,0.0
49,1977-11-21,chaos,3,5.6,33.0,29.269,-112.97,0.0277778,0.0486379,0.1861887,0.6521078,-0.0486379,1.1111111,0.6,0.24,3.0
50,1978-01-20,chaos,3,5.8,51.0,-4.17,123.363,0.0833333,0.0743118,0.8426784,0.4470675,-0.0743118,1.3333333,0.6,0.24,3.0
51,1978-06-27,chaos,0,5.7,35.0,37.149,142.8,0.0555556,0.0514905,0.8966708,0.7004262,-0.0514905,1.2222222,0.6,0.24,0.0
52,1978-08-10,chaos,3,6.0,10.0,-35.863,-17.648,0.1388889,0.0158323,0.4509757,0.2527332,-0.0158323,1.5555556,0.6,0.24,3.0
53,1979-01-11,chaos,1,6.2,32.0,-4.08,101.252,0.1944444,0.0472115,0.7812581,0.4476193,-0.0472115,1.7777778,0.6,0.24,1.0
54,1979-06-10,chaos,3,6.0,10.0,-36.28,-97.953,0.1388889,0.0158323,0.2279032,0.2501763,-0.0158323,1.5555556,0.6,0.24,3.0
55,1979-06-24,chaos,0,5.6,33.0,-2.99,139.82,0.0277778,0.0486379,0.8883929,0.454303,-0.0486379,1.1111111,0.6,0.24,0.0
56,1979-07-09,chaos,3,5.5,11.0,31.452,119.241,0.0,0.0172586,0.8312282,0.6654935,-0.0172586,1.0,0.6,0.24,3.0
57,1979-11-04,chaos,0,5.5,27.0,-15.596,-173.084,0.0,0.0400799,0.019203,0.3770059,-0.0400799,1.0,0.6,0.24,0.0
58,1979-11-09,chaos,2,5.5,564.0,-17.751,-178.72,0.0,0.8060191,0.0035473,0.3637919,-0.8060191,1.0,0.6,0.24,2.0
59,1979-11-13,chaos,1,6.3,47.0,-4.437,102.015,0.2222222,0.0686065,0.7833775,0.4454303,-0.0686065,1.8888889,0.6,0.24,1.0
60,1979-12-01,chaos,3,5.5,10.0,-56.465,-142.451,0.0,0.0158323,0.1042959,0.1264065,-0.0158323,1.0,0.6,0.24,3.0
61,1980-04-16,chaos,3,5.7,80.0,-8.113,108.744,0.0555556,0.1156754,0.8020695,0.4228899,-0.1156754,1.2222222,0.6,0.24,3.0
62,1980-07-09,chaos,1,5.9,37.0,-12.807,166.097,0.1111111,0.0543432,0.9613856,0.3941074,-0.0543432,1.4444444,0.6,0.24,1.0
63,1981-08-17,chaos,3,5.6,34.7,14.422,-93.784,0.0277778,0.0510626,0.2394839,0.5610694,-0.0510626,1.1111111,0.6,0.24,3.0
64,1981-09-28,calm,4,5.7,33.0,-2.372,140.32,0.0555556,0.0486379,0.8897818,0.4580924,-0.0486379,1.2222222,0.3,0.12,4.0
65,1981-10-17,chaos,0,5.9,26.0,-3.199,142.255,0.1111111,0.0386535,0.8951569,0.4530214,-0.0386535,1.4444444,0.6,0.24,0.0
66,1981-10-18,chaos,0,6.0,0.0,49.886,78.898,0.1388889,0.001569,0.7191628,0.7785265,-0.001569,1.5555556,0.6,0.24,0.0
67,1981-10-18,chaos,0,5.7,33.0,43.257,45.308,0.0555556,0.0486379,0.6258559,0.737879,-0.0486379,1.2222222,0.6,0.24,0.0
68,1981-12-19,chaos,1,7.2,10.0,39.243,25.227,0.4722222,0.0158323,0.5700746,0.7132661,-0.0158323,2.8888889,0.6,0.24,1.0
69,1982-02-21,chaos,3,5.5,27.0,-6.178,102.415,0.0,0.0400799,0.7844887,0.4347549,-0.0400799,1.0,0.6,0.24,3.0
70,1982-03-27,chaos,0,5.5,73.0,-11.102,162.943,0.0,0.1056911,0.9526243,0.404562,-0.1056911,1.0,0.6,0.24,0.0
71,1982-07-04,chaos,3,5.5,53.5,7.653,-72.197,0.0,0.0778776,0.2994486,0.5195634,-0.0778776,1.0,0.6,0.24,3.0
72,1982-07-10,chaos,3,5.5,10.0,-55.985,146.843,0.0,0.0158323,0.9079015,0.1293497,-0.0158323,1.0,0.6,0.24,3.0
73,1982-07-20,chaos,0,5.6,145.8,-6.809,129.417,0.0277778,0.2095279,0.8594953,0.4308857,-0.2095279,1.1111111,0.6,0.24,0.0
74,1982-09-25,chaos,3,5.5,42.0,-11.343,166.3,0.0,0.0614748,0.9619495,0.4030843,-0.0614748,1.0,0.6,0.24,3.0
75,1982-12-28,chaos,3,5.6,33.0,-23.687,-175.592,0.0277778,0.0486379,0.0122363,0.3273937,-0.0486379,1.1111111,0.6,0.24,3.0
76,1983-01-05,chaos,0,5.6,33.0,54.744,162.829,0.0277778,0.0486379,0.9523077,0.8083147,-0.0486379,1.1111111,0.6,0.24,0.0
77,1983-01-18,chaos,3,6.5,56.0,-57.966,-24.311,0.2777778,0.0814434,0.4324671,0.1172027,-0.0814434,2.1111111,0.6,0.24,3.0
78,1983-04-08,chaos,1,6.7,10.0,11.429,57.52,0.3333333,0.0158323,0.6597786,0.542717,-0.0158323,2.3333333,0.6,0.24,1.0
79,1983-04-12,chaos,1,7.0,104.2,-4.843,-78.103,0.4166667,0.1501926,0.2830428,0.4429408,-0.1501926,2.6666667,0.6,0.24,1.0
80,1983-04-13,chaos,3,5.9,33.0,-39.723,-74.531,0.1111111,0.0486379,0.2929652,0.2290646,-0.0486379,1.4444444,0.6,0.24,3.0
81,1983-06-24,chaos,1,6.7,44.1,24.176,122.402,0.3333333,0.0644701,0.8400089,0.6208787,-0.0644701,2.3333333,0.6,0.24,1.0
82,1983-07-22,chaos,0,5.6,41.3,36.948,49.18,0.0277778,0.0604764,0.6366116,0.6991937,-0.0604764,1.1111111,0.6,0.24,0.0
83,1984-03-01,chaos,3,6.0,10.0,-4.52,-105.993,0.1388889,0.0158323,0.2055695,0.4449214,-0.0158323,1.5555556,0.6,0.24,3.0
84,1984-07-09,chaos,3,5.5,10.0,-25.286,70.097,0.0,0.0158323,0.6947152,0.317589,-0.0158323,1.0,0.6,0.24,3.0
85,1984-09-01,chaos,2,5.7,478.3,-18.197,-178.168,0.0555556,0.6837826,0.0050806,0.3610571,-0.6837826,1.2222222,0.6,0.24,2.0
86,1984-10-10,chaos,3,5.6,10.0,-4.642,-105.495,0.0277778,0.0158323,0.2069529,0.4441733,-0.0158323,1.1111111,0.6,0.24,3.0
87,1984-11-15,chaos,2,6.3,348.1,-20.388,-177.421,0.2222222,0.4980745,0.0071557,0.3476224,-0.4980745,1.8888889,0.6,0.24,2.0
88,1984-11-21,chaos,1,6.4,23.4,-14.505,171.162,0.25,0.0349451,0.9754552,0.3836956,-0.0349451,2.0,0.6,0.24,1.0
89,1985-03-18,chaos,0,5.5,33.0,7.647,123.61,0.0,0.0486379,0.8433645,0.5195266,-0.0486379,1.0,0.6,0.24,0.0
90,1985-04-08,chaos,1,5.9,47.7,-5.717,154.062,0.1111111,0.0696049,0.9279546,0.4375816,-0.0696049,1.4444444,0.6,0.24,1.0
91,1985-06-01,chaos,3,5.6,23.1,12.167,144.421,0.0277778,0.0345172,0.9011736,0.5472422,-0.0345172,1.1111111,0.6,0.24,3.0
92,1985-06-02,chaos,0,5.8,370.2,-6.485,154.761,0.0833333,0.5295963,0.9298962,0.4328724,-0.5295963,1.3333333,0.6,0.24,0.0
93,1985-06-03,fear,1,6.3,65.5,13.175,-90.138,0.2222222,0.0949936,0.2496118,0.5534231,-0.0949936,1.8888889,0.7,0.28,1.0
94,1985-08-15,chaos,3,5.6,10.0,-15.437,67.244,0.0277778,0.0158323,0.6867901,0.3779808,-0.0158323,1.1111111,0.6,0.24,3.0
95,1986-07-20,chaos,3,5.84,4.01,37.567,-118.436,0.0944444,0.0072885,0.1710052,0.7029892,-0.0072885,1.3777778,0.6,0.24,3.0
96,1986-10-21,fear,3,5.7,33.0,-27.262,-176.51,0.0555556,0.0486379,0.0096862,0.3054726,-0.0486379,1.2222222,0.7,0.28,3.0
97,1986-11-06,chaos,2,5.7,588.5,-18.016,-178.404,0.0555556,0.8409642,0.0044251,0.362167,-0.8409642,1.2222222,0.6,0.24,2.0
98,1987-02-17,chaos,3,5.7,33.0,-19.676,168.761,0.0555556,0.0486379,0.9687857,0.3519882,-0.0486379,1.2222222,0.6,0.24,3.0
99,1987-04-25,chaos,1,6.9,107.0,16.066,120.301,0.3888889,0.1541863,0.8341727,0.57115,-0.1541863,2.5555556,0.6,0.24,1.0
100,1987-06-24,chaos,3,5.8,33.0,-21.069,173.298,0.0833333,0.0486379,0.9813886,0.3434467,-0.0486379,1.3333333,0.6,0.24,3.0
101,1987-10-06,chaos,3,7.3,16.0,-17.94,-172.225,0.5,0.0243902,0.0215892,0.362633,-0.0243902,3.0,0.6,0.24,3.0
102,1987-10-16,chaos,1,7.4,47.8,-6.266,149.06,0.5277778,0.0697475,0.9140599,0.4342153,-0.0697475,3.1111111,0.6,0.24,1.0
103,1987-11-24,chaos,1,6.6,11.181,33.015,-115.852,0.3055556,0.0175168,0.178183,0.6750774,-0.0175168,2.2222222,0.6,0.24,1.0
104,1988-10-31,chaos,3,5.6,12.0,36.443,2.759,0.0277778,0.0186849,0.5076626,0.6960971,-0.0186849,1.1111111,0.6,0.24,3.0
105,1988-11-23,chaos,0,5.5,41.1,30.989,141.578,0.0,0.0601911,0.8932763,0.6626544,-0.0601911,1.0,0.6,0.24,0.0
106,1989-05-29,chaos,3,5.6,32.0,-23.897,-70.337,0.0277778,0.0472115,0.3046153,0.326106,-0.0472115,1.1111111,0.6,0.24,3.0
107,1989-08-14,chaos,3,5.5,33.0,-18.957,176.674,0.0,0.0486379,0.9907665,0.356397,-0.0486379,1.0,0.6,0.24,3.0
108,1989-09-06,chaos,3,5.6,10.0,-1.322,67.6,0.0277778,0.0158323,0.687779,0.4645308,-0.0158323,1.1111111,0.6,0.24,3.0
109,1989-11-04,chaos,0,5.5,10.0,72.255,0.63,0.0,0.0158323,0.5017486,0.9156881,-0.0158323,1.0,0.6,0.24,0.0
110,1989-11-29,chaos,3,6.3,70.8,-15.808,-73.242,0.2222222,0.1025531,0.2965458,0.3757059,-0.1025531,1.8888889,0.6,0.24,3.0
111,1989-12-01,fear,3,5.6,43.1,51.631,-178.102,0.0277778,0.0630438,0.005264,0.7892265,-0.0630438,1.1111111,0.7,0.28,3.0
112,1990-06-01,chaos,1,6.3,67.0,35.522,140.339,0.2222222,0.0971331,0.8898346,0.6904498,-0.0971331,1.8888889,0.6,0.24,1.0
113,1990-11-23,fear,0,5.7,61.8,-5.005,145.791,0.0555556,0.0897162,0.9049792,0.4419475,-0.0897162,1.2222222,0.7,0.28,0.0
114,1991-01-10,chaos,3,5.7,22.6,-18.006,-173.589,0.0555556,0.033804,0.0178002,0.3622283,-0.033804,1.2222222,0.6,0.24,3.0
115,1991-12-26,chaos,0,5.6,10.0,25.307,-109.693,0.0277778,0.0158323,0.1952916,0.6278137,-0.0158323,1.1111111,0.6,0.24,0.0
116,1992-04-18,chaos,0,5.5,32.1,-5.61,102.881,0.0,0.0473542,0.7857831,0.4382377,-0.0473542,1.0,0.6,0.24,0.0
117,1992-04-24,chaos,0,5.5,22.5,-3.516,144.849,0.0,0.0336614,0.9023625,0.4510777,-0.0336614,1.0,0.6,0.24,0.0
118,1992-06-21,chaos,1,6.2,10.0,-37.689,176.861,0.1944444,0.0158323,0.991286,0.2415366,-0.0158323,1.7777778,0.6,0.24,1.0
119,1992-07-17,chaos,1,5.6,18.9,44.809,150.286,0.0277778,0.0285266,0.9174655,0.7473955,-0.0285266,1.1111111,0.6,0.24,1.0
120,1992-07-18,chaos,0,5.5,30.8,39.152,143.15,0.0,0.0454999,0.897643,0.7127081,-0.0454999,1.0,0.6,0.24,0.0
121,1992-08-12,chaos,1,5.8,33.0,32.755,141.698,0.0833333,0.0486379,0.8936096,0.6734832,-0.0486379,1.3333333,0.6,0.24,1.0
122,1992-11-21,chaos,1,5.9,65.0,35.916,22.491,0.1111111,0.0942804,0.5624745,0.6928657,-0.0942804,1.4444444,0.6,0.24,1.0
123,1992-11-24,chaos,3,5.7,10.0,1.355,-101.323,0.0555556,0.0158323,0.2185419,0.4809455,-0.0158323,1.2222222,0.6,0.24,3.0
124,1993-03-06,chaos,3,6.6,18.2,-26.536,-177.355,0.3055556,0.0275282,0.007339,0.3099243,-0.0275282,2.2222222,0.6,0.24,3.0
125,1993-04-19,chaos,1,6.8,23.6,4.015,128.204,0.3611111,0.0352304,0.8561258,0.497256,-0.0352304,2.4444444,0.6,0.24,1.0
126,1993-04-25,chaos,3,6.0,33.0,-15.679,-172.96,0.1388889,0.0486379,0.0195475,0.3764969,-0.0486379,1.5555556,0.6,0.24,3.0
127,1993-05-25,chaos,3,6.2,36.8,55.021,-160.513,0.1944444,0.0540579,0.054123,0.8100132,-0.0540579,1.7777778,0.6,0.24,3.0
128,1993-08-28,chaos,1,5.9,132.8,6.571,94.668,0.1111111,0.1909856,0.7629689,0.5129288,-0.1909856,1.4444444,0.6,0.24,1.0
129,1993-09-15,chaos,3,5.6,27.9,-29.653,-177.243,0.0277778,0.0413636,0.0076501,0.2908115,-0.0413636,1.1111111,0.6,0.24,3.0
130,1993-09-16,chaos,0,5.5,33.0,44.533,149.036,0.0,0.0486379,0.9139932,0.7457032,-0.0486379,1.0,0.6,0.24,0.0
131,1993-09-21,chaos,3,6.0,11.0,42.31,-122.0,0.1388889,0.0172586,0.161105,0.7320722,-0.0172586,1.5555556,0.6,0.24,3.0
132,1993-12-12,chaos,3,5.6,21.9,13.693,123.035,0.0277778,0.0328056,0.8417672,0.5565993,-0.0328056,1.1111111,0.6,0.24,3.0
133,1994-02-12,chaos,1,6.7,15.0,-10.786,-128.798,0.3333333,0.0229639,0.1422214,0.4064997,-0.0229639,2.3333333,0.6,0.24,1.0
134,1994-04-12,chaos,3,5.5,30.9,-21.034,-174.175,0.0,0.0456426,0.0161724,0.3436613,-0.0456426,1.0,0.6,0.24,3.0
135,1994-05-25,chaos,3,5.9,24.6,7.646,94.279,0.1111111,0.0366567,0.7618884,0.5195205,-0.0366567,1.4444444,0.6,0.24,3.0
136,1994-11-20,fear,1,6.3,16.0,-2.001,135.932,0.2222222,0.0243902,0.8775927,0.4603673,-0.0243902,1.8888889,0.7,0.28,1.0
137,1995-03-22,chaos,3,5.5,39.0,-36.267,-72.956,0.0,0.0571958,0.2973402,0.250256,-0.0571958,1.0,0.6,0.24,3.0
138,1995-04-28,chaos,3,5.5,9.2,-21.405,-174.337,0.0,0.0146912,0.0157224,0.3413864,-0.0146912,1.0,0.6,0.24,3.0
139,1995-07-13,chaos,3,5.9,13.6,-23.08,170.641,0.1111111,0.0209671,0.974008,0.3311157,-0.0209671,1.4444444,0.6,0.24,3.0
140,1995-09-23,chaos,1,6.0,27.1,-5.968,146.635,0.1388889,0.0402225,0.9073237,0.4360426,-0.0402225,1.5555556,0.6,0.24,1.0
141,1995-11-30,chaos,1,6.3,23.4,44.473,149.342,0.2222222,0.0349451,0.9148433,0.7453353,-0.0349451,1.8888889,0.6,0.24,1.0
142,1995-12-02,chaos,1,6.6,18.1,44.505,149.237,0.3055556,0.0273855,0.9145516,0.7455315,-0.0273855,2.2222222,0.6,0.24,1.0
143,1995-12-03,chaos,0,5.5,33.0,44.791,149.64,0.0,0.0486379,0.9156711,0.7472852,-0.0486379,1.0,0.6,0.24,0.0
144,1995-12-25,chaos,3,6.1,14.8,-28.148,-176.794,0.1666667,0.0226786,0.0088973,0.3000399,-0.0226786,1.6666667,0.6,0.24,3.0
145,1996-01-30,chaos,3,6.1,14.2,-32.953,-178.253,0.1666667,0.0218228,0.0048445,0.2705767,-0.0218228,1.6666667,0.6,0.24,3.0
146,1996-07-29,chaos,0,5.5,74.3,24.602,122.282,0.0,0.1075453,0.8396756,0.6234908,-0.1075453,1.0,0.6,0.24,0.0
147,1997-02-04,chaos,0,5.5,10.0,37.564,57.295,0.0,0.0158323,0.6591536,0.7029708,-0.0158323,1.0,0.6,0.24,0.0
148,1997-02-21,chaos,0,6.1,33.0,43.829,149.167,0.1666667,0.0486379,0.9143571,0.7413864,-0.0486379,1.6666667,0.6,0.24,0.0
149,1997-08-08,chaos,1,6.6,10.0,-15.477,-179.14,0.3055556,0.0158323,0.0023806,0.3777355,-0.0158323,2.2222222,0.6,0.24,1.0
150,1997-10-18,chaos,0,5.5,35.6,-0.895,124.066,0.0,0.0523463,0.8446312,0.467149,-0.0523463,1.0,0.6,0.24,0.0
151,1997-11-10,chaos,3,5.6,10.0,0.05,-16.893,0.0277778,0.0158323,0.453073,0.4729436,-0.0158323,1.1111111,0.6,0.24,3.0
152,1998-08-14,chaos,3,5.8,57.6,-11.43,166.216,0.0833333,0.0837256,0.9617161,0.4025508,-0.0837256,1.3333333,0.6,0.24,3.0
153,1998-09-09,chaos,1,5.6,10.0,40.035,15.98,0.0277778,0.0158323,0.5443881,0.7181225,-0.0158323,1.1111111,0.6,0.24,1.0
154,1998-10-03,chaos,1,6.2,226.6,28.505,127.615,0.1944444,0.3247754,0.8544896,0.6474231,-0.3247754,1.7777778,0.6,0.24,1.0
155,1999-08-18,chaos,0,5.7,155.0,-37.341,177.333,0.0555556,0.2226501,0.9925971,0.2436705,-0.2226501,1.2222222,0.6,0.24,0.0
156,1999-09-07,chaos,3,5.5,10.0,-63.289,-166.566,0.0,0.0158323,0.0373089,0.0845633,-0.0158323,1.0,0.6,0.24,3.0
157,1999-11-01,calm,4,6.3,33.0,23.378,121.52,0.2222222,0.0486379,0.8375589,0.6159855,-0.0486379,1.8888889,0.3,0.12,4.0
158,2000-01-05,chaos,3,5.5,33.0,-11.462,165.413,0.0,0.0486379,0.9594855,0.4023546,-0.0486379,1.0,0.6,0.24,3.0
159,2000-02-25,chaos,1,7.1,33.0,-19.528,173.818,0.4444444,0.0486379,0.9828331,0.3528957,-0.0486379,2.7777778,0.6,0.24,1.0
160,2000-04-01,chaos,2,5.6,608.1,-17.899,-178.645,0.0277778,0.8689203,0.0037556,0.3628844,-0.8689203,1.1111111,0.6,0.24,2.0
161,2000-06-14,chaos,0,5.7,63.0,17.315,120.2,0.0555556,0.0914278,0.8338921,0.5788086,-0.0914278,1.2222222,0.6,0.24,0.0
162,2000-06-14,chaos,1,5.9,196.5,-24.032,-66.747,0.1111111,0.2818428,0.3145877,0.3252782,-0.2818428,1.4444444,0.6,0.24,1.0
163,2000-09-14,chaos,1,6.2,33.0,-15.742,179.801,0.1944444,0.0486379,0.9994528,0.3761106,-0.0486379,1.7777778,0.6,0.24,1.0
164,2000-09-23,chaos,0,5.5,125.0,-11.674,166.405,0.0,0.1798602,0.9622411,0.4010547,-0.1798602,1.0,0.6,0.24,0.0
165,2000-10-20,chaos,3,5.5,10.0,-4.623,-106.044,0.0,0.0158323,0.2054279,0.4442898,-0.0158323,1.0,0.6,0.24,3.0
166,2000-10-21,chaos,1,5.9,10.0,1.832,-90.585,0.1111111,0.0158323,0.2483701,0.4838704,-0.0158323,1.4444444,0.6,0.24,1.0
167,2000-11-16,chaos,0,5.5,33.0,-5.083,153.278,0.0,0.0486379,0.9257767,0.4414692,-0.0486379,1.0,0.6,0.24,0.0
168,2000-12-20,chaos,0,5.5,33.0,9.418,-85.452,0.0,0.0486379,0.2626286,0.530386,-0.0486379,1.0,0.6,0.24,0.0
169,2001-02-24,fear,1,7.1,35.0,1.271,126.249,0.4444444,0.0514905,0.8506951,0.4804305,-0.0514905,2.7777778,0.7,0.28,1.0
170,2001-06-10,chaos,0,5.6,33.0,38.582,25.613,0.0277778,0.0486379,0.5711468,0.709213,-0.0486379,1.1111111,0.6,0.24,0.0
171,2001-06-14,chaos,3,5.9,33.0,18.852,146.81,0.1111111,0.0486379,0.9078098,0.5882331,-0.0486379,1.4444444,0.6,0.24,3.0
172,2001-09-29,chaos,1,6.4,33.0,-18.503,168.159,0.25,0.0486379,0.9671134,0.3591808,-0.0486379,2.0,0.6,0.24,1.0
173,2001-10-08,chaos,0,6.5,48.5,52.591,160.324,0.2777778,0.070746,0.9453492,0.795113,-0.070746,2.1111111,0.6,0.24,0.0
174,2002-04-24,chaos,3,6.2,10.0,-56.135,-122.312,0.1944444,0.0158323,0.1602383,0.12843,-0.0158323,1.7777778,0.6,0.24,3.0
175,2002-05-08,chaos,1,5.9,39.0,53.813,160.774,0.1111111,0.0571958,0.9465993,0.802606,-0.0571958,1.4444444,0.6,0.24,1.0
176,2002-11-11,chaos,2,5.7,539.9,-23.313,-179.902,0.0555556,0.7716446,0.0002639,0.329687,-0.7716446,1.2222222,0.6,0.24,2.0
177,2003-01-07,chaos,0,5.7,33.0,-10.213,160.936,0.0555556,0.0486379,0.9470493,0.4100132,-0.0486379,1.2222222,0.6,0.24,0.0
178,2003-03-17,fear,1,5.8,10.0,-58.203,-11.203,0.0833333,0.0158323,0.4688787,0.1157495,-0.0158323,1.3333333,0.7,0.28,1.0
179,2003-07-25,chaos,0,5.5,10.0,38.432,141.003,0.0,0.0158323,0.8916791,0.7082932,-0.0158323,1.0,0.6,0.24,0.0
180,2003-08-21,chaos,0,5.9,20.2,29.053,59.773,0.1111111,0.0303808,0.666037,0.6507833,-0.0303808,1.4444444,0.6,0.24,0.0
181,2004-06-10,chaos,3,5.9,10.0,11.453,-87.652,0.1111111,0.0158323,0.2565175,0.5428642,-0.0158323,1.4444444,0.6,0.24,3.0
182,2004-06-14,chaos,3,5.9,10.0,16.337,-97.845,0.1111111,0.0158323,0.2282032,0.5728117,-0.0158323,1.4444444,0.6,0.24,3.0
183,2004-07-10,chaos,3,5.7,10.0,-8.784,94.812,0.0555556,0.0158323,0.7633689,0.4187755,-0.0158323,1.2222222,0.6,0.24,3.0
184,2004-11-20,fear,1,6.4,16.0,9.602,-84.172,0.25,0.0243902,0.2661843,0.5315142,-0.0243902,2.0,0.7,0.28,1.0
185,2004-11-23,fear,0,5.5,15.4,40.324,20.629,0.0,0.0235344,0.5573022,0.7198945,-0.0235344,1.0,0.7,0.28,0.0
186,2004-12-27,chaos,0,5.6,19.0,12.35,92.469,0.0277778,0.0286692,0.7568605,0.5483643,-0.0286692,1.1111111,0.6,0.24,0.0
187,2004-12-29,chaos,3,5.7,47.7,5.531,94.277,0.0555556,0.0696049,0.7618828,0.5065518,-0.0696049,1.2222222,0.6,0.24,3.0
188,2005-01-15,chaos,0,5.5,25.7,14.57,92.387,0.0,0.0382256,0.7566327,0.5619769,-0.0382256,1.0,0.6,0.24,0.0
189,2005-03-19,chaos,2,6.3,598.7,-21.893,-179.547,0.2222222,0.8555128,0.00125,0.3383941,-0.8555128,1.8888889,0.6,0.24,2.0
190,2005-04-19,chaos,0,5.5,18.7,33.637,130.179,0.0,0.0282413,0.861612,0.6788914,-0.0282413,1.0,0.6,0.24,0.0
191,2005-07-11,chaos,3,6.0,10.0,-27.001,-176.322,0.1388889,0.0158323,0.0102085,0.307073,-0.0158323,1.5555556,0.6,0.24,3.0
192,2005-12-10,chaos,2,5.6,506.5,-24.599,179.948,0.0277778,0.7240051,0.9998611,0.3218015,-0.7240051,1.1111111,0.6,0.24,2.0
193,2006-06-09,chaos,2,6.1,564.4,-17.531,-178.747,0.1666667,0.8065896,0.0034723,0.3651409,-0.8065896,1.6666667,0.6,0.24,2.0
194,2006-06-24,chaos,1,6.3,26.0,-0.39,123.195,0.2222222,0.0386535,0.8422117,0.4702456,-0.0386535,1.8888889,0.6,0.24,1.0
195,2006-06-27,chaos,1,5.8,9.0,14.986,-94.14,0.0833333,0.0144059,0.238495,0.5645277,-0.0144059,1.3333333,0.6,0.24,1.0
196,2006-07-17,chaos,3,5.5,10.0,-9.094,107.68,0.0,0.0158323,0.7991139,0.4168746,-0.0158323,1.0,0.6,0.24,3.0
197,2006-07-19,chaos,3,6.1,45.0,-6.535,105.389,0.1666667,0.0657538,0.7927499,0.4325658,-0.0657538,1.6666667,0.6,0.24,3.0
198,2007-04-09,chaos,0,5.8,36.0,48.304,154.695,0.0833333,0.0529168,0.9297129,0.7688261,-0.0529168,1.3333333,0.6,0.24,0.0
199,2007-04-21,chaos,0,6.1,40.7,-13.838,166.843,0.1666667,0.0596206,0.9634578,0.3877855,-0.0596206,1.6666667,0.6,0.24,0.0
200,2007-06-05,chaos,3,5.7,10.0,-60.182,-26.728,0.0555556,0.0158323,0.4257531,0.1036147,-0.0158323,1.2222222,0.6,0.24,3.0
201,2007-10-25,chaos,3,5.5,29.7,-3.541,100.794,0.0,0.043931,0.7799858,0.4509244,-0.043931,1.0,0.6,0.24,3.0
202,2008-01-09,fear,0,6.1,10.0,51.649,-131.183,0.1666667,0.0158323,0.1355963,0.7893368,-0.0158323,1.6666667,0.7,0.28,0.0
203,2008-02-13,chaos,1,6.2,19.0,-8.158,128.644,0.1944444,0.0286692,0.857348,0.422614,-0.0286692,1.7777778,0.6,0.24,1.0
204,2008-06-25,chaos,1,5.7,16.0,1.344,97.191,0.0555556,0.0243902,0.7699774,0.4808781,-0.0243902,1.2222222,0.6,0.24,1.0
205,2008-10-03,chaos,0,5.6,10.0,-22.36,171.21,0.0277778,0.0158323,0.9755885,0.3355306,-0.0158323,1.1111111,0.6,0.24,0.0
206,2008-11-29,chaos,2,6.0,386.0,-18.701,-177.716,0.1388889,0.5521324,0.0063362,0.3579667,-0.5521324,1.5555556,0.6,0.24,2.0
207,2008-12-20,chaos,0,6.3,19.0,36.541,142.425,0.2222222,0.0286692,0.8956291,0.696698,-0.0286692,1.8888889,0.6,0.24,0.0
208,2009-03-26,chaos,1,5.9,159.5,27.415,126.702,0.1111111,0.2290686,0.8519535,0.6407395,-0.2290686,1.4444444,0.6,0.24,1.0
209,2009-09-05,chaos,0,5.8,210.2,-15.121,-70.248,0.0833333,0.3013835,0.3048626,0.3799184,-0.3013835,1.3333333,0.6,0.24,0.0
210,2009-10-10,chaos,0,6.0,112.0,47.851,152.455,0.1388889,0.1613179,0.9234906,0.7660484,-0.1613179,1.5555556,0.6,0.24,0.0
211,2009-11-12,chaos,2,5.8,570.6,-20.979,-178.662,0.0833333,0.8154329,0.0037084,0.3439985,-0.8154329,1.3333333,0.6,0.24,2.0
212,2009-11-13,chaos,2,5.8,608.0,-17.917,-64.095,0.0833333,0.8687776,0.3219545,0.362774,-0.8687776,1.3333333,0.6,0.24,2.0
213,2010-01-12,chaos,0,6.0,10.0,18.387,-72.784,0.1388889,0.0158323,0.297818,0.5853819,-0.0158323,1.5555556,0.6,0.24,0.0
214,2010-06-16,chaos,1,7.0,18.0,-2.174,136.543,0.4166667,0.0272429,0.87929,0.4593065,-0.0272429,2.6666667,0.6,0.24,1.0
215,2010-06-29,chaos,3,5.5,17.0,-37.836,-73.278,0.0,0.0258166,0.2964458,0.2406353,-0.0258166,1.0,0.6,0.24,3.0
216,2010-07-29,chaos,2,6.6,618.0,6.548,123.222,0.3055556,0.8830409,0.8422867,0.5127878,-0.8830409,2.2222222,0.6,0.24,2.0
217,2010-10-09,chaos,3,5.8,91.0,10.211,-84.293,0.0833333,0.131365,0.2658481,0.5352485,-0.131365,1.3333333,0.6,0.24,3.0
218,2011-01-26,chaos,3,6.1,23.0,2.205,96.829,0.1666667,0.0343746,0.7689718,0.4861575,-0.0343746,1.6666667,0.6,0.24,3.0
219,2011-02-05,chaos,0,5.8,28.9,-37.621,-73.448,0.0833333,0.0427899,0.2959736,0.2419536,-0.0427899,1.3333333,0.6,0.24,0.0
220,2011-03-11,chaos,0,5.5,4.7,36.162,141.84,0.0,0.0082727,0.8940041,0.6943741,-0.0082727,1.0,0.6,0.24,0.0
221,2011-03-11,chaos,1,6.2,9.3,37.014,138.376,0.1944444,0.0148338,0.8843817,0.6995984,-0.0148338,1.7777778,0.6,0.24,1.0
222,2011-03-20,chaos,2,5.7,321.0,-31.129,-179.823,0.0555556,0.4594209,0.0004833,0.281761,-0.4594209,1.2222222,0.6,0.24,2.0
223,2011-05-24,chaos,0,5.8,16.0,39.709,143.247,0.0833333,0.0243902,0.8979125,0.7161235,-0.0243902,1.3333333,0.6,0.24,0.0
224,2012-11-02,chaos,0,5.5,9.1,55.887,162.799,0.0,0.0145486,0.9522243,0.8153233,-0.0145486,1.0,0.6,0.24,0.0
225,2013-02-07,chaos,1,6.7,11.0,-10.997,165.655,0.3333333,0.0172586,0.9601578,0.4052059,-0.0172586,2.3333333,0.6,0.24,1.0
226,2013-02-16,chaos,3,6.1,105.0,5.812,125.748,0.1666667,0.1513336,0.8493035,0.5082748,-0.1513336,1.6666667,0.6,0.24,3.0
227,2013-03-31,fear,3,5.6,10.0,-65.552,-177.804,0.0277778,0.0158323,0.0060918,0.0706871,-0.0158323,1.1111111,0.7,0.28,3.0
228,2013-11-03,chaos,2,5.9,532.0,4.6565,123.3471,0.1111111,0.7603766,0.8426342,0.5011896,-0.7603766,1.4444444,0.6,0.24,2.0
229,2013-11-13,chaos,3,5.8,20.0,51.5477,-178.9984,0.0833333,0.0300956,0.0027739,0.7887157,-0.0300956,1.3333333,0.6,0.24,3.0
230,2013-11-17,chaos,1,7.7,10.0,-60.2738,-46.4011,0.6111111,0.0158323,0.3711049,0.1030518,-0.0158323,3.4444444,0.6,0.24,1.0
231,2014-02-03,fear,1,5.6,109.0,-4.8976,153.7404,0.0277778,0.1570389,0.9270612,0.442606,-0.1570389,1.1111111,0.7,0.28,1.0
232,2014-03-31,chaos,3,5.6,114.5,-19.511,-69.174,0.0277778,0.1648838,0.3078459,0.353,-0.1648838,1.1111111,0.6,0.24,3.0
233,2014-06-19,chaos,3,6.2,36.0,-13.5585,166.8278,0.1944444,0.0529168,0.9634156,0.3894993,-0.0529168,1.7777778,0.6,0.24,3.0
234,2014-08-23,calm,4,5.6,100.0,-20.1745,-69.0385,0.0277778,0.144202,0.3082223,0.3489315,-0.144202,1.1111111,0.3,0.12,4.0
235,2014-11-29,chaos,0,5.6,10.0,5.7314,61.381,0.0277778,0.0158323,0.6705038,0.5077806,-0.0158323,1.1111111,0.6,0.24,0.0
236,2014-12-22,chaos,3,5.8,14.0,-54.1054,-146.0942,0.0833333,0.0215376,0.0941758,0.140875,-0.0215376,1.3333333,0.6,0.24,3.0
237,2015-09-21,chaos,3,5.5,26.95,-31.0458,-71.82,0.0,0.0400086,0.3004958,0.2822712,-0.0400086,1.0,0.6,0.24,3.0
238,2016-01-02,chaos,2,5.8,585.47,44.8069,129.9406,0.0833333,0.8366424,0.8609497,0.7473827,-0.8366424,1.3333333,0.6,0.24,2.0
239,2016-01-31,chaos,1,5.7,10.0,-2.8659,147.1385,0.0555556,0.0158323,0.9087223,0.4550639,-0.0158323,1.2222222,0.6,0.24,1.0
240,2016-05-31,chaos,3,5.9,18.37,47.5484,154.3641,0.1111111,0.0277706,0.9287937,0.7641929,-0.0277706,1.4444444,0.6,0.24,3.0
